"","Software_name","File_name","Article_id","Alias","ID","XML_tag1","XML_tag2","XML_tag1_content","XML_tag2_content","Publication_year","Journal_title","Publisher"
"1","RADMC-3D","aj_139_2_626.xml","aj331880, ANJOAA, 10.1088/0004-6256/139/2/626, 331880","10.1051/0004-6361:20031768",1,"ext-link","nlm-citation","10.1051/0004-6361:20031768","
<person-group person-group-type=""author"">
<name><",2010,"The Astronomical Journal","The American Astronomical Society"
"2","RADMC-3D","aj_140_3_887.xml","aj348933, ANJOAA, 10.1088/0004-6256/140/3/887, 348933","10.1051/0004-6361:20031768",1,"ext-link","nlm-citation","10.1051/0004-6361:20031768","
<person-group person-group-type=""author"">
<name>
",2010,"The Astronomical Journal","The American Astronomical Society"
"3","RADMC-3D","aj_152_6_222.xml","ajaa342c, 10.3847/1538-3881/152/6/222, aa342c, AAS00467","10.1051/0004-6361:20031768",1,"pub-id","element-citation","10.1051/0004-6361:20031768","
<person-group person-group-type=""author"">
<name>
",2016,"The Astronomical Journal","The American Astronomical Society"
"4","RADMC-3D","aj_154_1_16.xml","ajaa7578, 10.3847/1538-3881/aa7578, aa7578, AAS02740","10.1051/0004-6361:20031768",1,"pub-id","element-citation","10.1051/0004-6361:20031768","
<person-group person-group-type=""author"">
<name>
",2017,"The Astronomical Journal","The American Astronomical Society"
"5","RADMC-3D","apj_693_2_1209.xml","apj291809, ASJOAB, 10.1088/0004-637X/693/2/1209, 291809","10.1051/0004-6361:20031768",1,"ext-link","nlm-citation","10.1051/0004-6361:20031768","
<person-group person-group-type=""author"">
<name><",2009,"The Astrophysical Journal","The American Astronomical Society"
"6","RADMC-3D","apj_693_2_1290.xml","apj300722, ASJOAB, 10.1088/0004-637X/693/2/1290, 300722","10.1051/0004-6361:20031768",1,"ext-link","nlm-citation","10.1051/0004-6361:20031768","
<person-group person-group-type=""author"">
<name>
",2009,"The Astrophysical Journal","The American Astronomical Society"
"7","RADMC-3D","apj_695_2_1024.xml","apj300251, ASJOAB, 10.1088/0004-637X/695/2/1024, 300251","10.1051/0004-6361:20031768",1,"ext-link","nlm-citation","10.1051/0004-6361:20031768","
<person-group person-group-type=""author"">
<name>
",2009,"The Astrophysical Journal","The American Astronomical Society"
"8","RADMC-3D","apj_697_1_557.xml","apj300672, ASJOAB, 10.1088/0004-637X/697/1/557, 300672","10.1051/0004-6361:20031768",1,"ext-link","nlm-citation","10.1051/0004-6361:20031768","
<person-group person-group-type=""author"">
<name><",2009,"The Astrophysical Journal","The American Astronomical Society"
"9","RADMC-3D","apj_699_2_1822.xml","apj304757, ASJOAB, 10.1088/0004-637X/699/2/1822, 304757","10.1051/0004-6361:20031768",1,"ext-link","nlm-citation","10.1051/0004-6361:20031768","
<person-group person-group-type=""author"">
<name><",2009,"The Astrophysical Journal","The American Astronomical Society"
"10","RADMC-3D","apj_700_2_1502.xml","apj308794, ASJOAB, 10.1088/0004-637X/700/2/1502, 308794","10.1051/0004-6361:20031768",1,"ext-link","nlm-citation","10.1051/0004-6361:20031768","
<person-group person-group-type=""author"">
<name><",2009,"The Astrophysical Journal","The American Astronomical Society"
"11","RADMC-3D","apj_701_1_571.xml","apj307969, ASJOAB, 10.1088/0004-637X/701/1/571, 307969","10.1051/0004-6361:20031768",1,"ext-link","nlm-citation","10.1051/0004-6361:20031768","
<person-group person-group-type=""author"">
<name>
",2009,"The Astrophysical Journal","The American Astronomical Society"
"12","RADMC-3D","apj_704_1_496.xml","apj320740, ASJOAB, 10.1088/0004-637X/704/1/496, 320740","10.1051/0004-6361:20031768",1,"ext-link","nlm-citation","10.1051/0004-6361:20031768","
<person-group person-group-type=""author"">
<name><",2009,"The Astrophysical Journal","The American Astronomical Society"
"13","RADMC-3D","apj_704_2_1471.xml","apj323754, ASJOAB, 10.1088/0004-637X/704/2/1471, 323754","10.1051/0004-6361:20031768",1,"ext-link","nlm-citation","10.1051/0004-6361:20031768","
<person-group person-group-type=""author"">
<name><",2009,"The Astrophysical Journal","The American Astronomical Society"
"14","RADMC-3D","apj_704_2_1482.xml","apj323758, ASJOAB, 10.1088/0004-637X/704/2/1482, 323758","10.1051/0004-6361:20031768",1,"ext-link","nlm-citation","10.1051/0004-6361:20031768","
<person-group person-group-type=""author"">
<name><",2009,"The Astrophysical Journal","The American Astronomical Society"
"15","RADMC-3D","apj_706_1_665.xml","apj317603, ASJOAB, 10.1088/0004-637X/706/1/665, 317603","10.1051/0004-6361:20031768",1,"ext-link","nlm-citation","10.1051/0004-6361:20031768","
<person-group person-group-type=""author"">
<name><",2009,"The Astrophysical Journal","The American Astronomical Society"
"16","RADMC-3D","apj_707_1_103.xml","apj327112, ASJOAB, 10.1088/0004-637X/707/1/103, 327112","10.1051/0004-6361:20031768",1,"ext-link","nlm-citation","10.1051/0004-6361:20031768","
<person-group person-group-type=""author"">
<name>
",2009,"The Astrophysical Journal","The American Astronomical Society"
"17","RADMC-3D","apj_707_1_705.xml","apj320919, ASJOAB, 10.1088/0004-637X/707/1/705, 320919","10.1051/0004-6361:20031768",1,"ext-link","nlm-citation","10.1051/0004-6361:20031768","
<person-group person-group-type=""author"">
<name><",2009,"The Astrophysical Journal","The American Astronomical Society"
"18","RADMC-3D","apj_710_1_462.xml","apj337053, ASJOAB, 10.1088/0004-637X/710/1/462, 337053","10.1051/0004-6361:20031768",1,"ext-link","nlm-citation","10.1051/0004-6361:20031768","
<person-group person-group-type=""author"">
<name><",2010,"The Astrophysical Journal","The American Astronomical Society"
"19","RADMC-3D","apj_710_1_470.xml","apj338088, ASJOAB, 10.1088/0004-637X/710/1/470, 338088","10.1051/0004-6361:20031768",1,"ext-link","nlm-citation","10.1051/0004-6361:20031768","
<person-group person-group-type=""author"">
<name><",2010,"The Astrophysical Journal","The American Astronomical Society"
"20","RADMC-3D","apj_718_1_558.xml","apj348554, ASJOAB, 10.1088/0004-637X/718/1/558, 348554","10.1051/0004-6361:20031768",1,"ext-link","nlm-citation","10.1051/0004-6361:20031768","
<person-group person-group-type=""author"">
<name><",2010,"The Astrophysical Journal","The American Astronomical Society"
"21","RADMC-3D","apj_718_2_1200.xml","apj342416, ASJOAB, 10.1088/0004-637X/718/2/1200, 342416","10.1051/0004-6361:20031768",1,"ext-link","nlm-citation","10.1051/0004-6361:20031768","
<person-group person-group-type=""author"">
<name>
",2010,"The Astrophysical Journal","The American Astronomical Society"
"22","RADMC-3D","apj_719_1_831.xml","apj351889, ASJOAB, 10.1088/0004-637X/719/1/831, 351889","10.1051/0004-6361:20031768",1,"ext-link","nlm-citation","10.1051/0004-6361:20031768","
<person-group person-group-type=""author"">
<name>
",2010,"The Astrophysical Journal","The American Astronomical Society"
"23","RADMC-3D","apj_719_2_1565.xml","apj348302, ASJOAB, 10.1088/0004-637X/719/2/1565, 348302","10.1051/0004-6361:20031768",1,"ext-link","nlm-citation","10.1051/0004-6361:20031768","
<person-group person-group-type=""author"">
<name>
",2010,"The Astrophysical Journal","The American Astronomical Society"
"24","RADMC-3D","apj_720_2_1668.xml","apj363485, ASJOAB, 10.1088/0004-637X/720/2/1668, 363485","10.1051/0004-6361:20031768",1,"ext-link","nlm-citation","10.1051/0004-6361:20031768","
<person-group person-group-type=""author"">
<name><",2010,"The Astrophysical Journal","The American Astronomical Society"
"25","RADMC-3D","apj_721_1_431.xml","apj336341, ASJOAB, 10.1088/0004-637X/721/1/431, 336341","10.1051/0004-6361:20031768",1,"ext-link","nlm-citation","10.1051/0004-6361:20031768","
<person-group person-group-type=""author"">
<name><",2010,"The Astrophysical Journal","The American Astronomical Society"
"26","RADMC-3D","apj_721_2_995.xml","apj364867, ASJOAB, 10.1088/0004-637X/721/2/995, 364867","10.1051/0004-6361:20031768",1,"ext-link","nlm-citation","10.1051/0004-6361:20031768","
<person-group person-group-type=""author"">
<name><",2010,"The Astrophysical Journal","The American Astronomical Society"
"27","RADMC-3D","apj_723_2_1241.xml","apj368420, ASJOAB, 10.1088/0004-637X/723/2/1241, 368420","10.1051/0004-6361:20031768",1,"ext-link","nlm-citation","10.1051/0004-6361:20031768","
<person-group person-group-type=""author"">
<name><",2010,"The Astrophysical Journal","The American Astronomical Society"
"28","RADMC-3D","apj_724_1_470.xml","apj343932, ASJOAB, 10.1088/0004-637X/724/1/470, 343932","10.1051/0004-6361:20031768",1,"ext-link","nlm-citation","10.1051/0004-6361:20031768","
<person-group person-group-type=""author"">
<name>
",2010,"The Astrophysical Journal","The American Astronomical Society"
"29","RADMC-3D","apj_725_1_134.xml","apj370598, ASJOAB, 10.1088/0004-637X/725/1/134, 370598","10.1051/0004-6361:20031768",1,"ext-link","nlm-citation","10.1051/0004-6361:20031768","
<person-group person-group-type=""author"">
<name><",2010,"The Astrophysical Journal","The American Astronomical Society"
"30","RADMC-3D","apj_728_1_49.xml","apj377757, ASJOAB, 10.1088/0004-637X/728/1/49, 377757","10.1051/0004-6361:20031768",1,"ext-link","nlm-citation","10.1051/0004-6361:20031768","
<person-group person-group-type=""author"">
<name>
",2011,"The Astrophysical Journal","The American Astronomical Society"
"31","RADMC-3D","apj_729_2_84.xml","apj380385, ASJOAB, 10.1088/0004-637X/729/2/84, 380385","10.1051/0004-6361:20031768",1,"ext-link","nlm-citation","10.1051/0004-6361:20031768","
<person-group person-group-type=""author"">
<name>
",2011,"The Astrophysical Journal","The American Astronomical Society"
"32","RADMC-3D","apj_732_1_42.xml","apj386495, ASJOAB, 10.1088/0004-637X/732/1/42, 386495","10.1051/0004-6361:20031768",1,"ext-link","nlm-citation","10.1051/0004-6361:20031768","
<person-group person-group-type=""author"">
<name>
",2011,"The Astrophysical Journal","The American Astronomical Society"
"33","RADMC-3D","apj_732_2_106.xml","apj387298, ASJOAB, 10.1088/0004-637X/732/2/106, 387298","10.1051/0004-6361:20031768",1,"ext-link","nlm-citation","10.1051/0004-6361:20031768","
<person-group person-group-type=""author"">
<name><",2011,"The Astrophysical Journal","The American Astronomical Society"
"34","RADMC-3D","apj_732_2_107.xml","apj387299, ASJOAB, 10.1088/0004-637X/732/2/107, 387299","10.1051/0004-6361:20031768",1,"ext-link","nlm-citation","10.1051/0004-6361:20031768","
<person-group person-group-type=""author"">
<name><",2011,"The Astrophysical Journal","The American Astronomical Society"
"35","RADMC-3D","apj_737_2_57.xml","apj395443, ASJOAB, 10.1088/0004-637X/737/2/57, 395443","10.1051/0004-6361:20031768",1,"ext-link","nlm-citation","10.1051/0004-6361:20031768","
<person-group person-group-type=""author"">
<name><",2011,"The Astrophysical Journal","The American Astronomical Society"
"36","RADMC-3D","apj_738_2_131.xml","apj398959, ASJOAB, 10.1088/0004-637X/738/2/131, 398959","10.1051/0004-6361:20031768",1,"ext-link","nlm-citation","10.1051/0004-6361:20031768","
<person-group person-group-type=""author"">
<name><",2011,"The Astrophysical Journal","The American Astronomical Society"
"37","RADMC-3D","apj_739_1_50.xml","apj400502, ASJOAB, 10.1088/0004-637X/739/1/50, 400502","10.1051/0004-6361:20031768",1,"ext-link","nlm-citation","10.1051/0004-6361:20031768","
<person-group person-group-type=""author"">
<name><",2011,"The Astrophysical Journal","The American Astronomical Society"
"38","RADMC-3D","apj_740_2_118.xml","apj401820, ASJOAB, 10.1088/0004-637X/740/2/118, 401820","10.1051/0004-6361:20031768",1,"ext-link","nlm-citation","10.1051/0004-6361:20031768","
<person-group person-group-type=""author"">
<name><",2011,"The Astrophysical Journal","The American Astronomical Society"
"39","RADMC-3D","apj_741_1_3.xml","apj401809, ASJOAB, 10.1088/0004-637X/741/1/3, 401809","10.1051/0004-6361:20031768",1,"ext-link","nlm-citation","10.1051/0004-6361:20031768","
<person-group person-group-type=""author"">
<name><",2011,"The Astrophysical Journal","The American Astronomical Society"
"40","RADMC-3D","apj_742_1_39.xml","apj404720, ASJOAB, 10.1088/0004-637X/742/1/39, 404720","10.1051/0004-6361:20031768",1,"ext-link","nlm-citation","10.1051/0004-6361:20031768","
<person-group person-group-type=""author"">
<name>
",2011,"The Astrophysical Journal","The American Astronomical Society"
"41","RADMC-3D","apj_744_2_116.xml","apj407599, ASJOAB, 10.1088/0004-637X/744/2/116, 407599","10.1051/0004-6361:20031768",1,"ext-link","nlm-citation","10.1051/0004-6361:20031768","
<person-group person-group-type=""author"">
<name><",2012,"The Astrophysical Journal","The American Astronomical Society"
"42","RADMC-3D","apj_744_2_118.xml","apj407949, ASJOAB, 10.1088/0004-637X/744/2/118, 407949","10.1051/0004-6361:20031768",1,"ext-link","nlm-citation","10.1051/0004-6361:20031768","
<person-group person-group-type=""author"">
<name><",2012,"The Astrophysical Journal","The American Astronomical Society"
"43","RADMC-3D","apj_744_2_162.xml","apj414256, ASJOAB, 10.1088/0004-637X/744/2/162, 414256","10.1051/0004-6361:20031768",1,"ext-link","nlm-citation","10.1051/0004-6361:20031768","
<person-group person-group-type=""author"">
<name>
",2012,"The Astrophysical Journal","The American Astronomical Society"
"44","RADMC-3D","apj_747_1_52.xml","apj417704, ASJOAB, 10.1088/0004-637X/747/1/52, 417704","10.1051/0004-6361:20031768",1,"ext-link","nlm-citation","10.1051/0004-6361:20031768","
<person-group person-group-type=""author"">
<name><",2012,"The Astrophysical Journal","The American Astronomical Society"
"45","RADMC-3D","apj_747_2_103.xml","apj419349, ASJOAB, 10.1088/0004-637X/747/2/103, 419349","10.1051/0004-6361:20031768",1,"ext-link","nlm-citation","10.1051/0004-6361:20031768","
<person-group person-group-type=""author"">
<name><",2012,"The Astrophysical Journal","The American Astronomical Society"
"46","RADMC-3D","apj_747_2_92.xml","apj418486, ASJOAB, 10.1088/0004-637X/747/2/92, 418486","10.1051/0004-6361:20031768",1,"ext-link","nlm-citation","10.1051/0004-6361:20031768","
<person-group person-group-type=""author"">
<name><",2012,"The Astrophysical Journal","The American Astronomical Society"
"47","RADMC-3D","apj_749_2_123.xml","apj423230, ASJOAB, 10.1088/0004-637X/749/2/123, 423230","10.1051/0004-6361:20031768",1,"ext-link","nlm-citation","10.1051/0004-6361:20031768","
<person-group person-group-type=""author"">
<name><",2012,"The Astrophysical Journal","The American Astronomical Society"
"48","RADMC-3D","apj_749_2_153.xml","apj423371, ASJOAB, 10.1088/0004-637X/749/2/153, 423371","10.1051/0004-6361:20031768",1,"ext-link","nlm-citation","10.1051/0004-6361:20031768","
<person-group person-group-type=""author"">
<name><",2012,"The Astrophysical Journal","The American Astronomical Society"
"49","RADMC-3D","apj_750_2_161.xml","apj425888, ASJOAB, 10.1088/0004-637X/750/2/161, 425888","10.1051/0004-6361:20031768",1,"ext-link","nlm-citation","10.1051/0004-6361:20031768","
<person-group person-group-type=""author"">
<name><",2012,"The Astrophysical Journal","The American Astronomical Society"
"50","RADMC-3D","apj_752_2_143.xml","apj430274, ASJOAB, 10.1088/0004-637X/752/2/143, 430274","10.1051/0004-6361:20031768",1,"ext-link","nlm-citation","10.1051/0004-6361:20031768","
<person-group person-group-type=""author"">
<name><",2012,"The Astrophysical Journal","The American Astronomical Society"
"51","RADMC-3D","apj_753_2_153.xml","apj432454, ASJOAB, 10.1088/0004-637X/753/2/153, 432454","10.1051/0004-6361:20031768",1,"ext-link","nlm-citation","10.1051/0004-6361:20031768","
<person-group person-group-type=""author"">
<name><",2012,"The Astrophysical Journal","The American Astronomical Society"
"52","RADMC-3D","apj_754_1_64.xml","apj433367, ASJOAB, 10.1088/0004-637X/754/1/64, 433367","10.1051/0004-6361:20031768",1,"ext-link","nlm-citation","10.1051/0004-6361:20031768","
<person-group person-group-type=""author"">
<name><",2012,"The Astrophysical Journal","The American Astronomical Society"
"53","RADMC-3D","apj_755_1_23.xml","apj435025, ASJOAB, 10.1088/0004-637X/755/1/23, 435025","10.1051/0004-6361:20031768",1,"ext-link","nlm-citation","10.1051/0004-6361:20031768","
<person-group person-group-type=""author"">
<name><",2012,"The Astrophysical Journal","The American Astronomical Society"
"54","RADMC-3D","apj_755_1_8.xml","apj435023, ASJOAB, 10.1088/0004-637X/755/1/8, 435023","10.1051/0004-6361:20031768",1,"ext-link","nlm-citation","10.1051/0004-6361:20031768","
<person-group person-group-type=""author"">
<name><",2012,"The Astrophysical Journal","The American Astronomical Society"
"55","RADMC-3D","apj_756_2_168.xml","apj439478, ASJOAB, 10.1088/0004-637X/756/2/168, 439478","10.1051/0004-6361:20031768",1,"ext-link","nlm-citation","10.1051/0004-6361:20031768","
<person-group person-group-type=""author"">
<name><",2012,"The Astrophysical Journal","The American Astronomical Society"
"56","RADMC-3D","apj_760_2_111.xml","apj446501, ASJOAB, 10.1088/0004-637X/760/2/111, 446501","10.1051/0004-6361:20031768",1,"ext-link","nlm-citation","10.1051/0004-6361:20031768","
<person-group person-group-type=""author"">
<name><",2012,"The Astrophysical Journal","The American Astronomical Society"
"57","RADMC-3D","apj_766_1_8.xml","apj462360, ASJOAB, 10.1088/0004-637X/766/1/8, 462360","10.1051/0004-6361:20031768",1,"ext-link","nlm-citation","10.1051/0004-6361:20031768","
<person-group person-group-type=""author"">
<name><",2013,"The Astrophysical Journal","The American Astronomical Society"
"58","RADMC-3D","apj_766_2_82.xml","apj463164, ASJOAB, 10.1088/0004-637X/766/2/82, 463164","10.1051/0004-6361:20031768",1,"ext-link","nlm-citation","10.1051/0004-6361:20031768","
<person-group person-group-type=""author"">
<name><",2013,"The Astrophysical Journal","The American Astronomical Society"
"59","RADMC-3D","apj_769_1_21.xml","apj467676, ASJOAB, 10.1088/0004-637X/769/1/21, 467676, ApJ89588","10.1051/0004-6361:20031768",1,"ext-link","nlm-citation","10.1051/0004-6361:20031768","
<person-group person-group-type=""author"">
<name><",2013,"The Astrophysical Journal","The American Astronomical Society"
"60","RADMC-3D","apj_769_1_73.xml","apj468560, ASJOAB, 10.1088/0004-637X/769/1/73, 468560, ApJ90423","10.1051/0004-6361:20031768",1,"ext-link","nlm-citation","10.1051/0004-6361:20031768","
<person-group person-group-type=""author"">
<name><",2013,"The Astrophysical Journal","The American Astronomical Society"
"61","RADMC-3D","apj_772_1_34.xml","apj475443, ASJOAB, 10.1088/0004-637X/772/1/34, 475443, ApJ89111","10.1051/0004-6361:20031768",1,"ext-link","nlm-citation","10.1051/0004-6361:20031768","
<person-group person-group-type=""author"">
<name><",2013,"The Astrophysical Journal","The American Astronomical Society"
"62","RADMC-3D","apj_775_2_114.xml","apj483835, ASJOAB, 10.1088/0004-637X/775/2/114, 483835, ApJ91834","10.1051/0004-6361:20031768",1,"ext-link","nlm-citation","10.1051/0004-6361:20031768","
<person-group person-group-type=""author"">
<name><",2013,"The Astrophysical Journal","The American Astronomical Society"
"63","RADMC-3D","apj_787_1_37.xml","apj493994, ASJOAB, 10.1088/0004-637X/787/1/37, 493994, ApJ94541","10.1051/0004-6361:20031768",1,"ext-link","nlm-citation","10.1051/0004-6361:20031768","
<person-group person-group-type=""author"">
<name><",2014,"The Astrophysical Journal","The American Astronomical Society"
"64","RADMC-3D","apj_791_1_42.xml","apj498197, ASJOAB, 10.1088/0004-637X/791/1/42, 498197, ApJ95153","10.1051/0004-6361:20031768",1,"ext-link","nlm-citation","10.1051/0004-6361:20031768","
<person-group person-group-type=""author"">
<name><",2014,"The Astrophysical Journal","The American Astronomical Society"
"65","RADMC-3D","apj_792_1_2.xml","apj497953, ASJOAB, 10.1088/0004-637X/792/1/2, 497953, ApJ94889","10.1051/0004-6361:20031768",1,"ext-link","nlm-citation","10.1051/0004-6361:20031768","
<person-group person-group-type=""author"">
<name><",2014,"The Astrophysical Journal","The American Astronomical Society"
"66","RADMC-3D","apj_792_1_68.xml","apj498875, ASJOAB, 10.1088/0004-637X/792/1/68, 498875, ApJ93977","10.1051/0004-6361:20031768",1,"ext-link","nlm-citation","10.1051/0004-6361:20031768","
<person-group person-group-type=""author"">
<name><",2014,"The Astrophysical Journal","The American Astronomical Society"
"67","RADMC-3D","apj_798_1_11.xml","apj502148, ASJOAB, 10.1088/0004-637X/798/1/11, 502148, ApJ95363","10.1051/0004-6361:20031768",1,"ext-link","nlm-citation","10.1051/0004-6361:20031768","
<person-group person-group-type=""author"">
<name><",2015,"The Astrophysical Journal","The American Astronomical Society"
"68","RADMC-3D","apj_801_2_85.xml","apj507501, ASJOAB, 10.1088/0004-637X/801/2/85, 507501, ApJ96889","10.1051/0004-6361:20031768",1,"ext-link","nlm-citation","10.1051/0004-6361:20031768","
<person-group person-group-type=""author"">
<name><",2015,"The Astrophysical Journal","The American Astronomical Society"
"69","RADMC-3D","apj_802_2_126.xml","apj509664, 10.1088/0004-637X/802/2/126, 509664, ApJ97263","10.1051/0004-6361:20031768",1,"pub-id","element-citation","10.1051/0004-6361:20031768","
<person-group person-group-type=""author"">
<name>
",2015,"The Astrophysical Journal","The American Astronomical Society"
"70","RADMC-3D","apj_804_2_143.xml","apj511250, 10.1088/0004-637X/804/2/143, 511250, ApJ96730","10.1051/0004-6361:20031768",1,"pub-id","element-citation","10.1051/0004-6361:20031768","
<person-group person-group-type=""author"">
<name>
",2015,"The Astrophysical Journal","The American Astronomical Society"
"71","RADMC-3D","apj_808_1_102.xml","apj515596, 10.1088/0004-637X/808/1/102, 515596, ApJ95863","10.1051/0004-6361:20031768",1,"pub-id","element-citation","10.1051/0004-6361:20031768","
<person-group person-group-type=""author"">
<name>
",2015,"The Astrophysical Journal","The American Astronomical Society"
"72","RADMC-3D","apj_810_1_6.xml","apj517983, 10.1088/0004-637X/810/1/6, 517983, ApJ99398","10.1051/0004-6361:20031768",1,"pub-id","element-citation","10.1051/0004-6361:20031768","
<person-group person-group-type=""author"">
<name>
",2015,"The Astrophysical Journal","The American Astronomical Society"
"73","RADMC-3D","apj_818_1_22.xml","apj522354, 10.3847/0004-637X/818/1/22, 522354, ApJ100460","10.1051/0004-6361:20031768",1,"pub-id","element-citation","10.1051/0004-6361:20031768","
<person-group person-group-type=""author"">
<name>
",2016,"The Astrophysical Journal","The American Astronomical Society"
"74","RADMC-3D","apj_821_2_80.xml","apj523148, 10.3847/0004-637X/821/2/80, 523148, ApJ102110","10.1051/0004-6361:20031768",1,"pub-id","element-citation","10.1051/0004-6361:20031768","
<person-group person-group-type=""author"">
<name>
",2016,"The Astrophysical Journal","The American Astronomical Society"
"75","RADMC-3D","apj_823_1_58.xml","apj523346, 10.3847/0004-637X/823/1/58, 523346, ApJ100937","10.1051/0004-6361:20031768",1,"pub-id","element-citation","10.1051/0004-6361:20031768","
<person-group person-group-type=""author"">
<name>
",2016,"The Astrophysical Journal","The American Astronomical Society"
"76","RADMC-3D","apj_823_2_160.xml","apj523630, 10.3847/0004-637X/823/2/160, 523630, ApJ101554","10.1051/0004-6361:20031768",1,"pub-id","element-citation","10.1051/0004-6361:20031768","
<person-group person-group-type=""author"">
<name>
",2016,"The Astrophysical Journal","The American Astronomical Society"
"77","RADMC-3D","apj_823_2_79.xml","apj523333, 10.3847/0004-637X/823/2/79, 523333, ApJ101883","10.1051/0004-6361:20031768",1,"pub-id","element-citation","10.1051/0004-6361:20031768","
<person-group person-group-type=""author"">
<name>
",2016,"The Astrophysical Journal","The American Astronomical Society"
"78","RADMC-3D","apj_831_2_200.xml","apjaa3e98, 10.3847/0004-637X/831/2/200, aa3e98, ApJ101943","10.1051/0004-6361:20031768",1,"pub-id","element-citation","10.1051/0004-6361:20031768","
<person-group person-group-type=""author"">
<name>
",2016,"The Astrophysical Journal","The American Astronomical Society"
"79","RADMC-3D","apj_836_1_118.xml","apjaa5a05, 10.3847/1538-4357/836/1/118, aa5a05, AAS03238","10.1051/0004-6361:20031768",1,"pub-id","element-citation","10.1051/0004-6361:20031768","
<person-group person-group-type=""author"">
<name>
",2017,"The Astrophysical Journal","The American Astronomical Society"
"80","RADMC-3D","apj_838_1_62.xml","apjaa64da, 10.3847/1538-4357/aa64da, aa64da, AAS03966","10.1051/0004-6361:20031768",1,"pub-id","element-citation","10.1051/0004-6361:20031768","
<person-group person-group-type=""author"">
<name>
",2017,"The Astrophysical Journal","The American Astronomical Society"
"81","RADMC-3D","apj_849_1_3.xml","apjaa8666, 10.3847/1538-4357/aa8666, aa8666, AAS06222","10.1051/0004-6361:20031768",1,"pub-id","element-citation","10.1051/0004-6361:20031768","
<person-group person-group-type=""author"">
<name>
",2017,"The Astrophysical Journal","The American Astronomical Society"
"82","RADMC-3D","apj_849_2_143.xml","apjaa886a, 10.3847/1538-4357/aa886a, aa886a, AAS05793","10.1051/0004-6361:20031768",1,"pub-id","element-citation","10.1051/0004-6361:20031768","
<person-group person-group-type=""author"">
<name>
",2017,"The Astrophysical Journal","The American Astronomical Society"
"83","RADMC-3D","apj_851_2_115.xml","apjaa9e06, 10.3847/1538-4357/aa9e06, aa9e06, AAS06415","10.1051/0004-6361:20031768",1,"pub-id","element-citation","10.1051/0004-6361:20031768","
<person-group person-group-type=""author"">
<name>
",2017,"The Astrophysical Journal","The American Astronomical Society"
"84","RADMC-3D","apj_854_1_56.xml","apjaaa769, 10.3847/1538-4357/aaa769, aaa769, AAS08472","10.1051/0004-6361:20031768",1,"pub-id","element-citation","10.1051/0004-6361:20031768","
<person-group person-group-type=""author"">
<name>
",2018,"The Astrophysical Journal","The American Astronomical Society"
"85","RADMC-3D","apj_855_1_44.xml","apjaaacd3, 10.3847/1538-4357/aaacd3, aaacd3, AAS07812","10.1051/0004-6361:20031768",1,"pub-id","element-citation","10.1051/0004-6361:20031768","
<person-group person-group-type=""author"">
<name>
",2018,"The Astrophysical Journal","The American Astronomical Society"
"86","RADMC-3D","apj_856_2_103.xml","apjaaaae7, 10.3847/1538-4357/aaaae7, aaaae7, AAS08110","10.1051/0004-6361:20031768",1,"pub-id","element-citation","10.1051/0004-6361:20031768","
<person-group person-group-type=""author"">
<name>
",2018,"The Astrophysical Journal","The American Astronomical Society"
"87","RADMC-3D","apjl_710_2_167.xml","apjl332686, ASJOAB, 10.1088/2041-8205/710/2/L167, 332686","10.1051/0004-6361:20031768",1,"ext-link","nlm-citation","10.1051/0004-6361:20031768","
<person-group person-group-type=""author"">
<name>
",2010,"The Astrophysical Journal Letters","The American Astronomical Society"
"88","RADMC-3D","apjl_722_1_33.xml","apjl367726, ASJOAB, 10.1088/2041-8205/722/1/L33, 367726","10.1051/0004-6361:20031768",1,"ext-link","nlm-citation","10.1051/0004-6361:20031768","
<person-group person-group-type=""author"">
<name>
",2010,"The Astrophysical Journal Letters","The American Astronomical Society"
"89","RADMC-3D","apjl_723_2_243.xml","apjl340339, ASJOAB, 10.1088/2041-8205/723/2/L243, 340339","10.1051/0004-6361:20031768",1,"ext-link","nlm-citation","10.1051/0004-6361:20031768","
<person-group person-group-type=""author"">
<name><",2010,"The Astrophysical Journal Letters","The American Astronomical Society"
"90","RADMC-3D","apjl_754_1_18.xml","apjl436928, ASJOAB, 10.1088/2041-8205/754/1/L18, 436928","10.1051/0004-6361:20031768",1,"ext-link","nlm-citation","10.1051/0004-6361:20031768","
<person-group person-group-type=""author"">
<name><",2012,"The Astrophysical Journal Letters","The American Astronomical Society"
"91","RADMC-3D","apjl_758_1_19.xml","apjl442261, ASJOAB, 10.1088/2041-8205/758/1/L19, 442261","10.1051/0004-6361:20031768",1,"ext-link","nlm-citation","10.1051/0004-6361:20031768","
<person-group person-group-type=""author"">
<name><",2012,"The Astrophysical Journal Letters","The American Astronomical Society"
"92","RADMC-3D","apjl_798_1_2.xml","apjl506119, ASJOAB, 10.1088/2041-8205/798/1/L2, 506119, LET31847","10.1051/0004-6361:20031768",1,"ext-link","nlm-citation","10.1051/0004-6361:20031768","
<person-group person-group-type=""author"">
<name><",2015,"The Astrophysical Journal Letters","The American Astronomical Society"
"93","RADMC-3D","apjs_195_2_21.xml","apjs396550, ASJOAB, 10.1088/0067-0049/195/2/21, 396550","10.1051/0004-6361:20031768",1,"ext-link","nlm-citation","10.1051/0004-6361:20031768","
<person-group person-group-type=""author"">
<name><",2011,"The Astrophysical Journal Supplement Series","The American Astronomical Society"
"94","RADMC-3D","apjs_205_1_5.xml","apjs459664, ASJOAB, 10.1088/0067-0049/205/1/5, 459664","10.1051/0004-6361:20031768",1,"ext-link","nlm-citation","10.1051/0004-6361:20031768","
<person-group person-group-type=""author"">
<name><",2013,"The Astrophysical Journal Supplement Series","The American Astronomical Society"
"95","RADMC-3D","apjs_217_1_6.xml","apjs508869, 10.1088/0067-0049/217/1/6, 508869, ApJS97150","10.1051/0004-6361:20031768",1,"pub-id","element-citation","10.1051/0004-6361:20031768","
<person-group person-group-type=""author"">
<name>
",2015,"The Astrophysical Journal Supplement Series","The American Astronomical Society"
"96","RADMC-3D","apjs_225_2_26.xml","apjsaa2a15, 10.3847/0067-0049/225/2/26, aa2a15, ApJ98325","10.1051/0004-6361:20031768",1,"pub-id","element-citation","10.1051/0004-6361:20031768","
<person-group person-group-type=""author"">
<name>
",2016,"The Astrophysical Journal Supplement Series","The American Astronomical Society"
"97","RADMC-3D","apj_695_2_1024.xml","apj300251, ASJOAB, 10.1088/0004-637X/695/2/1024, 300251","10.1051/0004-6361:20040017",1,"ext-link","nlm-citation","10.1051/0004-6361:20040017","
<person-group person-group-type=""author"">
<name>
",2009,"The Astrophysical Journal","The American Astronomical Society"
"98","RADMC-3D","apj_717_2_693.xml","apj347857, ASJOAB, 10.1088/0004-637X/717/2/693, 347857","10.1051/0004-6361:20040017",1,"ext-link","nlm-citation","10.1051/0004-6361:20040017","
<person-group person-group-type=""author"">
<name><",2010,"The Astrophysical Journal","The American Astronomical Society"
"99","RADMC-3D","apj_722_2_1556.xml","apj364672, ASJOAB, 10.1088/0004-637X/722/2/1556, 364672","10.1051/0004-6361:20040017",1,"ext-link","nlm-citation","10.1051/0004-6361:20040017","
<person-group person-group-type=""author"">
<name><",2010,"The Astrophysical Journal","The American Astronomical Society"
"100","RADMC-3D","apj_742_1_39.xml","apj404720, ASJOAB, 10.1088/0004-637X/742/1/39, 404720","10.1051/0004-6361:20040017",1,"ext-link","nlm-citation","10.1051/0004-6361:20040017","
<person-group person-group-type=""author"">
<name>
",2011,"The Astrophysical Journal","The American Astronomical Society"
"101","RADMC-3D","apj_744_2_118.xml","apj407949, ASJOAB, 10.1088/0004-637X/744/2/118, 407949","10.1051/0004-6361:20040017",1,"ext-link","nlm-citation","10.1051/0004-6361:20040017","
<person-group person-group-type=""author"">
<name><",2012,"The Astrophysical Journal","The American Astronomical Society"
"102","RADMC-3D","apj_751_1_27.xml","apj426656, ASJOAB, 10.1088/0004-637X/751/1/27, 426656","10.1051/0004-6361:20040017",1,"ext-link","nlm-citation","10.1051/0004-6361:20040017","
<person-group person-group-type=""author"">
<name><",2012,"The Astrophysical Journal","The American Astronomical Society"
"103","RADMC-3D","apj_796_2_141.xml","apj503765, ASJOAB, 10.1088/0004-637X/796/2/141, 503765, ApJ95750","10.1051/0004-6361:20040017",1,"ext-link","nlm-citation","10.1051/0004-6361:20040017","
<person-group person-group-type=""author"">
<name><",2014,"The Astrophysical Journal","The American Astronomical Society"
"104","RADMC-3D","apj_797_1_4.xml","apj504081, ASJOAB, 10.1088/0004-637X/797/1/4, 504081, ApJ96133","10.1051/0004-6361:20040017",1,"ext-link","nlm-citation","10.1051/0004-6361:20040017","
<person-group person-group-type=""author"">
<name><",2014,"The Astrophysical Journal","The American Astronomical Society"
"105","RADMC-3D","apj_798_1_11.xml","apj502148, ASJOAB, 10.1088/0004-637X/798/1/11, 502148, ApJ95363","10.1051/0004-6361:20040017",1,"ext-link","nlm-citation","10.1051/0004-6361:20040017","
<person-group person-group-type=""author"">
<name><",2015,"The Astrophysical Journal","The American Astronomical Society"
"106","RADMC-3D","apjs_196_2_22.xml","apjs404845, ASJOAB, 10.1088/0067-0049/196/2/22, 404845","10.1051/0004-6361:20040017",1,"ext-link","nlm-citation","10.1051/0004-6361:20040017","
<person-group person-group-type=""author"">
<name>
",2011,"The Astrophysical Journal Supplement Series","The American Astronomical Society"
"107","RADMC-3D","apjs_220_1_14.xml","apjs518847, 10.1088/0067-0049/220/1/14, 518847, ApJS97348","10.1051/0004-6361:20040017",1,"pub-id","element-citation","10.1051/0004-6361:20040017","
<person-group person-group-type=""author"">
<name>
",2015,"The Astrophysical Journal Supplement Series","The American Astronomical Society"
"108","RADMC-3D","aj_139_2_626.xml","aj331880, ANJOAA, 10.1088/0004-6256/139/2/626, 331880","2004A&A...417..159D",1,"ext-link","nlm-citation","2004A&A...417..159D","
<person-group person-group-type=""author"">
<name><",2010,"The Astronomical Journal","The American Astronomical Society"
"109","RADMC-3D","aj_140_3_887.xml","aj348933, ANJOAA, 10.1088/0004-6256/140/3/887, 348933","2004A&A...417..159D",1,"ext-link","nlm-citation","2004A&A...417..159D","
<person-group person-group-type=""author"">
<name>
",2010,"The Astronomical Journal","The American Astronomical Society"
"110","RADMC-3D","aj_152_6_222.xml","ajaa342c, 10.3847/1538-3881/152/6/222, aa342c, AAS00467","2004A&A...417..159D",1,"ext-link","element-citation","2004A&A...417..159D","
<person-group person-group-type=""author"">
<name>
",2016,"The Astronomical Journal","The American Astronomical Society"
"111","RADMC-3D","aj_154_1_16.xml","ajaa7578, 10.3847/1538-3881/aa7578, aa7578, AAS02740","2004A&A...417..159D",1,"ext-link","element-citation","2004A&A...417..159D","
<person-group person-group-type=""author"">
<name>
",2017,"The Astronomical Journal","The American Astronomical Society"
"112","RADMC-3D","apj_693_2_1209.xml","apj291809, ASJOAB, 10.1088/0004-637X/693/2/1209, 291809","2004A&A...417..159D",1,"ext-link","nlm-citation","2004A&A...417..159D","
<person-group person-group-type=""author"">
<name><",2009,"The Astrophysical Journal","The American Astronomical Society"
"113","RADMC-3D","apj_693_2_1290.xml","apj300722, ASJOAB, 10.1088/0004-637X/693/2/1290, 300722","2004A&A...417..159D",1,"ext-link","nlm-citation","2004A&A...417..159D","
<person-group person-group-type=""author"">
<name>
",2009,"The Astrophysical Journal","The American Astronomical Society"
"114","RADMC-3D","apj_695_2_1024.xml","apj300251, ASJOAB, 10.1088/0004-637X/695/2/1024, 300251","2004A&A...417..159D",1,"ext-link","nlm-citation","2004A&A...417..159D","
<person-group person-group-type=""author"">
<name>
",2009,"The Astrophysical Journal","The American Astronomical Society"
"115","RADMC-3D","apj_697_1_557.xml","apj300672, ASJOAB, 10.1088/0004-637X/697/1/557, 300672","2004A&A...417..159D",1,"ext-link","nlm-citation","2004A&A...417..159D","
<person-group person-group-type=""author"">
<name><",2009,"The Astrophysical Journal","The American Astronomical Society"
"116","RADMC-3D","apj_699_2_1822.xml","apj304757, ASJOAB, 10.1088/0004-637X/699/2/1822, 304757","2004A&A...417..159D",1,"ext-link","nlm-citation","2004A&A...417..159D","
<person-group person-group-type=""author"">
<name><",2009,"The Astrophysical Journal","The American Astronomical Society"
"117","RADMC-3D","apj_700_2_1502.xml","apj308794, ASJOAB, 10.1088/0004-637X/700/2/1502, 308794","2004A&A...417..159D",1,"ext-link","nlm-citation","2004A&A...417..159D","
<person-group person-group-type=""author"">
<name><",2009,"The Astrophysical Journal","The American Astronomical Society"
"118","RADMC-3D","apj_701_1_571.xml","apj307969, ASJOAB, 10.1088/0004-637X/701/1/571, 307969","2004A&A...417..159D",1,"ext-link","nlm-citation","2004A&A...417..159D","
<person-group person-group-type=""author"">
<name>
",2009,"The Astrophysical Journal","The American Astronomical Society"
"119","RADMC-3D","apj_704_1_496.xml","apj320740, ASJOAB, 10.1088/0004-637X/704/1/496, 320740","2004A&A...417..159D",1,"ext-link","nlm-citation","2004A&A...417..159D","
<person-group person-group-type=""author"">
<name><",2009,"The Astrophysical Journal","The American Astronomical Society"
"120","RADMC-3D","apj_704_2_1471.xml","apj323754, ASJOAB, 10.1088/0004-637X/704/2/1471, 323754","2004A&A...417..159D",1,"ext-link","nlm-citation","2004A&A...417..159D","
<person-group person-group-type=""author"">
<name><",2009,"The Astrophysical Journal","The American Astronomical Society"
"121","RADMC-3D","apj_704_2_1482.xml","apj323758, ASJOAB, 10.1088/0004-637X/704/2/1482, 323758","2004A&A...417..159D",1,"ext-link","nlm-citation","2004A&A...417..159D","
<person-group person-group-type=""author"">
<name><",2009,"The Astrophysical Journal","The American Astronomical Society"
"122","RADMC-3D","apj_706_1_665.xml","apj317603, ASJOAB, 10.1088/0004-637X/706/1/665, 317603","2004A&A...417..159D",1,"ext-link","nlm-citation","2004A&A...417..159D","
<person-group person-group-type=""author"">
<name><",2009,"The Astrophysical Journal","The American Astronomical Society"
"123","RADMC-3D","apj_707_1_103.xml","apj327112, ASJOAB, 10.1088/0004-637X/707/1/103, 327112","2004A&A...417..159D",1,"ext-link","nlm-citation","2004A&A...417..159D","
<person-group person-group-type=""author"">
<name>
",2009,"The Astrophysical Journal","The American Astronomical Society"
"124","RADMC-3D","apj_707_1_705.xml","apj320919, ASJOAB, 10.1088/0004-637X/707/1/705, 320919","2004A&A...417..159D",1,"ext-link","nlm-citation","2004A&A...417..159D","
<person-group person-group-type=""author"">
<name><",2009,"The Astrophysical Journal","The American Astronomical Society"
"125","RADMC-3D","apj_710_1_462.xml","apj337053, ASJOAB, 10.1088/0004-637X/710/1/462, 337053","2004A&A...417..159D",1,"ext-link","nlm-citation","2004A&A...417..159D","
<person-group person-group-type=""author"">
<name><",2010,"The Astrophysical Journal","The American Astronomical Society"
"126","RADMC-3D","apj_710_1_470.xml","apj338088, ASJOAB, 10.1088/0004-637X/710/1/470, 338088","2004A&A...417..159D",1,"ext-link","nlm-citation","2004A&A...417..159D","
<person-group person-group-type=""author"">
<name><",2010,"The Astrophysical Journal","The American Astronomical Society"
"127","RADMC-3D","apj_718_1_558.xml","apj348554, ASJOAB, 10.1088/0004-637X/718/1/558, 348554","2004A&A...417..159D",1,"ext-link","nlm-citation","2004A&A...417..159D","
<person-group person-group-type=""author"">
<name><",2010,"The Astrophysical Journal","The American Astronomical Society"
"128","RADMC-3D","apj_718_2_1200.xml","apj342416, ASJOAB, 10.1088/0004-637X/718/2/1200, 342416","2004A&A...417..159D",1,"ext-link","nlm-citation","2004A&A...417..159D","
<person-group person-group-type=""author"">
<name>
",2010,"The Astrophysical Journal","The American Astronomical Society"
"129","RADMC-3D","apj_719_1_831.xml","apj351889, ASJOAB, 10.1088/0004-637X/719/1/831, 351889","2004A&A...417..159D",1,"ext-link","nlm-citation","2004A&A...417..159D","
<person-group person-group-type=""author"">
<name>
",2010,"The Astrophysical Journal","The American Astronomical Society"
"130","RADMC-3D","apj_719_2_1565.xml","apj348302, ASJOAB, 10.1088/0004-637X/719/2/1565, 348302","2004A&A...417..159D",1,"ext-link","nlm-citation","2004A&A...417..159D","
<person-group person-group-type=""author"">
<name>
",2010,"The Astrophysical Journal","The American Astronomical Society"
"131","RADMC-3D","apj_720_2_1668.xml","apj363485, ASJOAB, 10.1088/0004-637X/720/2/1668, 363485","2004A&A...417..159D",1,"ext-link","nlm-citation","2004A&A...417..159D","
<person-group person-group-type=""author"">
<name><",2010,"The Astrophysical Journal","The American Astronomical Society"
"132","RADMC-3D","apj_721_1_431.xml","apj336341, ASJOAB, 10.1088/0004-637X/721/1/431, 336341","2004A&A...417..159D",1,"ext-link","nlm-citation","2004A&A...417..159D","
<person-group person-group-type=""author"">
<name><",2010,"The Astrophysical Journal","The American Astronomical Society"
"133","RADMC-3D","apj_721_2_995.xml","apj364867, ASJOAB, 10.1088/0004-637X/721/2/995, 364867","2004A&A...417..159D",1,"ext-link","nlm-citation","2004A&A...417..159D","
<person-group person-group-type=""author"">
<name><",2010,"The Astrophysical Journal","The American Astronomical Society"
"134","RADMC-3D","apj_723_2_1241.xml","apj368420, ASJOAB, 10.1088/0004-637X/723/2/1241, 368420","2004A&A...417..159D",1,"ext-link","nlm-citation","2004A&A...417..159D","
<person-group person-group-type=""author"">
<name><",2010,"The Astrophysical Journal","The American Astronomical Society"
"135","RADMC-3D","apj_724_1_470.xml","apj343932, ASJOAB, 10.1088/0004-637X/724/1/470, 343932","2004A&A...417..159D",1,"ext-link","nlm-citation","2004A&A...417..159D","
<person-group person-group-type=""author"">
<name>
",2010,"The Astrophysical Journal","The American Astronomical Society"
"136","RADMC-3D","apj_725_1_134.xml","apj370598, ASJOAB, 10.1088/0004-637X/725/1/134, 370598","2004A&A...417..159D",1,"ext-link","nlm-citation","2004A&A...417..159D","
<person-group person-group-type=""author"">
<name><",2010,"The Astrophysical Journal","The American Astronomical Society"
"137","RADMC-3D","apj_728_1_49.xml","apj377757, ASJOAB, 10.1088/0004-637X/728/1/49, 377757","2004A&A...417..159D",1,"ext-link","nlm-citation","2004A&A...417..159D","
<person-group person-group-type=""author"">
<name>
",2011,"The Astrophysical Journal","The American Astronomical Society"
"138","RADMC-3D","apj_729_2_84.xml","apj380385, ASJOAB, 10.1088/0004-637X/729/2/84, 380385","2004A&A...417..159D",1,"ext-link","nlm-citation","2004A&A...417..159D","
<person-group person-group-type=""author"">
<name>
",2011,"The Astrophysical Journal","The American Astronomical Society"
"139","RADMC-3D","apj_732_1_42.xml","apj386495, ASJOAB, 10.1088/0004-637X/732/1/42, 386495","2004A&A...417..159D",1,"ext-link","nlm-citation","2004A&A...417..159D","
<person-group person-group-type=""author"">
<name>
",2011,"The Astrophysical Journal","The American Astronomical Society"
"140","RADMC-3D","apj_732_2_106.xml","apj387298, ASJOAB, 10.1088/0004-637X/732/2/106, 387298","2004A&A...417..159D",1,"ext-link","nlm-citation","2004A&A...417..159D","
<person-group person-group-type=""author"">
<name><",2011,"The Astrophysical Journal","The American Astronomical Society"
"141","RADMC-3D","apj_732_2_107.xml","apj387299, ASJOAB, 10.1088/0004-637X/732/2/107, 387299","2004A&A...417..159D",1,"ext-link","nlm-citation","2004A&A...417..159D","
<person-group person-group-type=""author"">
<name><",2011,"The Astrophysical Journal","The American Astronomical Society"
"142","RADMC-3D","apj_737_2_57.xml","apj395443, ASJOAB, 10.1088/0004-637X/737/2/57, 395443","2004A&A...417..159D",1,"ext-link","nlm-citation","2004A&A...417..159D","
<person-group person-group-type=""author"">
<name><",2011,"The Astrophysical Journal","The American Astronomical Society"
"143","RADMC-3D","apj_738_2_131.xml","apj398959, ASJOAB, 10.1088/0004-637X/738/2/131, 398959","2004A&A...417..159D",1,"ext-link","nlm-citation","2004A&A...417..159D","
<person-group person-group-type=""author"">
<name><",2011,"The Astrophysical Journal","The American Astronomical Society"
"144","RADMC-3D","apj_739_1_50.xml","apj400502, ASJOAB, 10.1088/0004-637X/739/1/50, 400502","2004A&A...417..159D",1,"ext-link","nlm-citation","2004A&A...417..159D","
<person-group person-group-type=""author"">
<name><",2011,"The Astrophysical Journal","The American Astronomical Society"
"145","RADMC-3D","apj_740_2_118.xml","apj401820, ASJOAB, 10.1088/0004-637X/740/2/118, 401820","2004A&A...417..159D",1,"ext-link","nlm-citation","2004A&A...417..159D","
<person-group person-group-type=""author"">
<name><",2011,"The Astrophysical Journal","The American Astronomical Society"
"146","RADMC-3D","apj_741_1_3.xml","apj401809, ASJOAB, 10.1088/0004-637X/741/1/3, 401809","2004A&A...417..159D",1,"ext-link","nlm-citation","2004A&A...417..159D","
<person-group person-group-type=""author"">
<name><",2011,"The Astrophysical Journal","The American Astronomical Society"
"147","RADMC-3D","apj_742_1_39.xml","apj404720, ASJOAB, 10.1088/0004-637X/742/1/39, 404720","2004A&A...417..159D",1,"ext-link","nlm-citation","2004A&A...417..159D","
<person-group person-group-type=""author"">
<name>
",2011,"The Astrophysical Journal","The American Astronomical Society"
"148","RADMC-3D","apj_744_2_116.xml","apj407599, ASJOAB, 10.1088/0004-637X/744/2/116, 407599","2004A&A...417..159D",1,"ext-link","nlm-citation","2004A&A...417..159D","
<person-group person-group-type=""author"">
<name><",2012,"The Astrophysical Journal","The American Astronomical Society"
"149","RADMC-3D","apj_744_2_118.xml","apj407949, ASJOAB, 10.1088/0004-637X/744/2/118, 407949","2004A&A...417..159D",1,"ext-link","nlm-citation","2004A&A...417..159D","
<person-group person-group-type=""author"">
<name><",2012,"The Astrophysical Journal","The American Astronomical Society"
"150","RADMC-3D","apj_744_2_162.xml","apj414256, ASJOAB, 10.1088/0004-637X/744/2/162, 414256","2004A&A...417..159D",1,"ext-link","nlm-citation","2004A&A...417..159D","
<person-group person-group-type=""author"">
<name>
",2012,"The Astrophysical Journal","The American Astronomical Society"
"151","RADMC-3D","apj_747_1_52.xml","apj417704, ASJOAB, 10.1088/0004-637X/747/1/52, 417704","2004A&A...417..159D",1,"ext-link","nlm-citation","2004A&A...417..159D","
<person-group person-group-type=""author"">
<name><",2012,"The Astrophysical Journal","The American Astronomical Society"
"152","RADMC-3D","apj_747_2_103.xml","apj419349, ASJOAB, 10.1088/0004-637X/747/2/103, 419349","2004A&A...417..159D",1,"ext-link","nlm-citation","2004A&A...417..159D","
<person-group person-group-type=""author"">
<name><",2012,"The Astrophysical Journal","The American Astronomical Society"
"153","RADMC-3D","apj_747_2_92.xml","apj418486, ASJOAB, 10.1088/0004-637X/747/2/92, 418486","2004A&A...417..159D",1,"ext-link","nlm-citation","2004A&A...417..159D","
<person-group person-group-type=""author"">
<name><",2012,"The Astrophysical Journal","The American Astronomical Society"
"154","RADMC-3D","apj_749_2_123.xml","apj423230, ASJOAB, 10.1088/0004-637X/749/2/123, 423230","2004A&A...417..159D",1,"ext-link","nlm-citation","2004A&A...417..159D","
<person-group person-group-type=""author"">
<name><",2012,"The Astrophysical Journal","The American Astronomical Society"
"155","RADMC-3D","apj_749_2_153.xml","apj423371, ASJOAB, 10.1088/0004-637X/749/2/153, 423371","2004A&A...417..159D",1,"ext-link","nlm-citation","2004A&A...417..159D","
<person-group person-group-type=""author"">
<name><",2012,"The Astrophysical Journal","The American Astronomical Society"
"156","RADMC-3D","apj_750_2_161.xml","apj425888, ASJOAB, 10.1088/0004-637X/750/2/161, 425888","2004A&A...417..159D",1,"ext-link","nlm-citation","2004A&A...417..159D","
<person-group person-group-type=""author"">
<name><",2012,"The Astrophysical Journal","The American Astronomical Society"
"157","RADMC-3D","apj_752_2_143.xml","apj430274, ASJOAB, 10.1088/0004-637X/752/2/143, 430274","2004A&A...417..159D",1,"ext-link","nlm-citation","2004A&A...417..159D","
<person-group person-group-type=""author"">
<name><",2012,"The Astrophysical Journal","The American Astronomical Society"
"158","RADMC-3D","apj_753_2_153.xml","apj432454, ASJOAB, 10.1088/0004-637X/753/2/153, 432454","2004A&A...417..159D",1,"ext-link","nlm-citation","2004A&A...417..159D","
<person-group person-group-type=""author"">
<name><",2012,"The Astrophysical Journal","The American Astronomical Society"
"159","RADMC-3D","apj_754_1_64.xml","apj433367, ASJOAB, 10.1088/0004-637X/754/1/64, 433367","2004A&A...417..159D",1,"ext-link","nlm-citation","2004A&A...417..159D","
<person-group person-group-type=""author"">
<name><",2012,"The Astrophysical Journal","The American Astronomical Society"
"160","RADMC-3D","apj_755_1_23.xml","apj435025, ASJOAB, 10.1088/0004-637X/755/1/23, 435025","2004A&A...417..159D",1,"ext-link","nlm-citation","2004A&A...417..159D","
<person-group person-group-type=""author"">
<name><",2012,"The Astrophysical Journal","The American Astronomical Society"
"161","RADMC-3D","apj_755_1_8.xml","apj435023, ASJOAB, 10.1088/0004-637X/755/1/8, 435023","2004A&A...417..159D",1,"ext-link","nlm-citation","2004A&A...417..159D","
<person-group person-group-type=""author"">
<name><",2012,"The Astrophysical Journal","The American Astronomical Society"
"162","RADMC-3D","apj_756_2_168.xml","apj439478, ASJOAB, 10.1088/0004-637X/756/2/168, 439478","2004A&A...417..159D",1,"ext-link","nlm-citation","2004A&A...417..159D","
<person-group person-group-type=""author"">
<name><",2012,"The Astrophysical Journal","The American Astronomical Society"
"163","RADMC-3D","apj_760_2_111.xml","apj446501, ASJOAB, 10.1088/0004-637X/760/2/111, 446501","2004A&A...417..159D",1,"ext-link","nlm-citation","2004A&A...417..159D","
<person-group person-group-type=""author"">
<name><",2012,"The Astrophysical Journal","The American Astronomical Society"
"164","RADMC-3D","apj_766_1_8.xml","apj462360, ASJOAB, 10.1088/0004-637X/766/1/8, 462360","2004A&A...417..159D",1,"ext-link","nlm-citation","2004A&A...417..159D","
<person-group person-group-type=""author"">
<name><",2013,"The Astrophysical Journal","The American Astronomical Society"
"165","RADMC-3D","apj_766_2_82.xml","apj463164, ASJOAB, 10.1088/0004-637X/766/2/82, 463164","2004A&A...417..159D",1,"ext-link","nlm-citation","2004A&A...417..159D","
<person-group person-group-type=""author"">
<name><",2013,"The Astrophysical Journal","The American Astronomical Society"
"166","RADMC-3D","apj_769_1_21.xml","apj467676, ASJOAB, 10.1088/0004-637X/769/1/21, 467676, ApJ89588","2004A&A...417..159D",1,"ext-link","nlm-citation","2004A&A...417..159D","
<person-group person-group-type=""author"">
<name><",2013,"The Astrophysical Journal","The American Astronomical Society"
"167","RADMC-3D","apj_769_1_73.xml","apj468560, ASJOAB, 10.1088/0004-637X/769/1/73, 468560, ApJ90423","2004A&A...417..159D",1,"ext-link","nlm-citation","2004A&A...417..159D","
<person-group person-group-type=""author"">
<name><",2013,"The Astrophysical Journal","The American Astronomical Society"
"168","RADMC-3D","apj_772_1_34.xml","apj475443, ASJOAB, 10.1088/0004-637X/772/1/34, 475443, ApJ89111","2004A&A...417..159D",1,"ext-link","nlm-citation","2004A&A...417..159D","
<person-group person-group-type=""author"">
<name><",2013,"The Astrophysical Journal","The American Astronomical Society"
"169","RADMC-3D","apj_775_2_114.xml","apj483835, ASJOAB, 10.1088/0004-637X/775/2/114, 483835, ApJ91834","2004A&A...417..159D",1,"ext-link","nlm-citation","2004A&A...417..159D","
<person-group person-group-type=""author"">
<name><",2013,"The Astrophysical Journal","The American Astronomical Society"
"170","RADMC-3D","apj_787_1_37.xml","apj493994, ASJOAB, 10.1088/0004-637X/787/1/37, 493994, ApJ94541","2004A&A...417..159D",1,"ext-link","nlm-citation","2004A&A...417..159D","
<person-group person-group-type=""author"">
<name><",2014,"The Astrophysical Journal","The American Astronomical Society"
"171","RADMC-3D","apj_791_1_42.xml","apj498197, ASJOAB, 10.1088/0004-637X/791/1/42, 498197, ApJ95153","2004A&A...417..159D",1,"ext-link","nlm-citation","2004A&A...417..159D","
<person-group person-group-type=""author"">
<name><",2014,"The Astrophysical Journal","The American Astronomical Society"
"172","RADMC-3D","apj_792_1_2.xml","apj497953, ASJOAB, 10.1088/0004-637X/792/1/2, 497953, ApJ94889","2004A&A...417..159D",1,"ext-link","nlm-citation","2004A&A...417..159D","
<person-group person-group-type=""author"">
<name><",2014,"The Astrophysical Journal","The American Astronomical Society"
"173","RADMC-3D","apj_792_1_68.xml","apj498875, ASJOAB, 10.1088/0004-637X/792/1/68, 498875, ApJ93977","2004A&A...417..159D",1,"ext-link","nlm-citation","2004A&A...417..159D","
<person-group person-group-type=""author"">
<name><",2014,"The Astrophysical Journal","The American Astronomical Society"
"174","RADMC-3D","apj_798_1_11.xml","apj502148, ASJOAB, 10.1088/0004-637X/798/1/11, 502148, ApJ95363","2004A&A...417..159D",1,"ext-link","nlm-citation","2004A&A...417..159D","
<person-group person-group-type=""author"">
<name><",2015,"The Astrophysical Journal","The American Astronomical Society"
"175","RADMC-3D","apj_801_2_85.xml","apj507501, ASJOAB, 10.1088/0004-637X/801/2/85, 507501, ApJ96889","2004A&A...417..159D",1,"ext-link","nlm-citation","2004A&A...417..159D","
<person-group person-group-type=""author"">
<name><",2015,"The Astrophysical Journal","The American Astronomical Society"
"176","RADMC-3D","apj_802_2_126.xml","apj509664, 10.1088/0004-637X/802/2/126, 509664, ApJ97263","2004A&A...417..159D",1,"ext-link","element-citation","2004A&A...417..159D","
<person-group person-group-type=""author"">
<name>
",2015,"The Astrophysical Journal","The American Astronomical Society"
"177","RADMC-3D","apj_804_2_143.xml","apj511250, 10.1088/0004-637X/804/2/143, 511250, ApJ96730","2004A&A...417..159D",1,"ext-link","element-citation","2004A&A...417..159D","
<person-group person-group-type=""author"">
<name>
",2015,"The Astrophysical Journal","The American Astronomical Society"
"178","RADMC-3D","apj_808_1_102.xml","apj515596, 10.1088/0004-637X/808/1/102, 515596, ApJ95863","2004A&A...417..159D",1,"ext-link","element-citation","2004A&A...417..159D","
<person-group person-group-type=""author"">
<name>
",2015,"The Astrophysical Journal","The American Astronomical Society"
"179","RADMC-3D","apj_810_1_6.xml","apj517983, 10.1088/0004-637X/810/1/6, 517983, ApJ99398","2004A&A...417..159D",1,"ext-link","element-citation","2004A&A...417..159D","
<person-group person-group-type=""author"">
<name>
",2015,"The Astrophysical Journal","The American Astronomical Society"
"180","RADMC-3D","apj_818_1_22.xml","apj522354, 10.3847/0004-637X/818/1/22, 522354, ApJ100460","2004A&A...417..159D",1,"ext-link","element-citation","2004A&A...417..159D","
<person-group person-group-type=""author"">
<name>
",2016,"The Astrophysical Journal","The American Astronomical Society"
"181","RADMC-3D","apj_821_2_80.xml","apj523148, 10.3847/0004-637X/821/2/80, 523148, ApJ102110","2004A&A...417..159D",1,"ext-link","element-citation","2004A&A...417..159D","
<person-group person-group-type=""author"">
<name>
",2016,"The Astrophysical Journal","The American Astronomical Society"
"182","RADMC-3D","apj_823_1_58.xml","apj523346, 10.3847/0004-637X/823/1/58, 523346, ApJ100937","2004A&A...417..159D",1,"ext-link","element-citation","2004A&A...417..159D","
<person-group person-group-type=""author"">
<name>
",2016,"The Astrophysical Journal","The American Astronomical Society"
"183","RADMC-3D","apj_823_2_160.xml","apj523630, 10.3847/0004-637X/823/2/160, 523630, ApJ101554","2004A&A...417..159D",1,"ext-link","element-citation","2004A&A...417..159D","
<person-group person-group-type=""author"">
<name>
",2016,"The Astrophysical Journal","The American Astronomical Society"
"184","RADMC-3D","apj_823_2_79.xml","apj523333, 10.3847/0004-637X/823/2/79, 523333, ApJ101883","2004A&A...417..159D",1,"ext-link","element-citation","2004A&A...417..159D","
<person-group person-group-type=""author"">
<name>
",2016,"The Astrophysical Journal","The American Astronomical Society"
"185","RADMC-3D","apj_831_2_200.xml","apjaa3e98, 10.3847/0004-637X/831/2/200, aa3e98, ApJ101943","2004A&A...417..159D",1,"ext-link","element-citation","2004A&A...417..159D","
<person-group person-group-type=""author"">
<name>
",2016,"The Astrophysical Journal","The American Astronomical Society"
"186","RADMC-3D","apj_836_1_118.xml","apjaa5a05, 10.3847/1538-4357/836/1/118, aa5a05, AAS03238","2004A&A...417..159D",1,"ext-link","element-citation","2004A&A...417..159D","
<person-group person-group-type=""author"">
<name>
",2017,"The Astrophysical Journal","The American Astronomical Society"
"187","RADMC-3D","apj_838_1_62.xml","apjaa64da, 10.3847/1538-4357/aa64da, aa64da, AAS03966","2004A&A...417..159D",1,"ext-link","element-citation","2004A&A...417..159D","
<person-group person-group-type=""author"">
<name>
",2017,"The Astrophysical Journal","The American Astronomical Society"
"188","RADMC-3D","apj_849_1_3.xml","apjaa8666, 10.3847/1538-4357/aa8666, aa8666, AAS06222","2004A&A...417..159D",1,"ext-link","element-citation","2004A&A...417..159D","
<person-group person-group-type=""author"">
<name>
",2017,"The Astrophysical Journal","The American Astronomical Society"
"189","RADMC-3D","apj_849_2_143.xml","apjaa886a, 10.3847/1538-4357/aa886a, aa886a, AAS05793","2004A&A...417..159D",1,"ext-link","element-citation","2004A&A...417..159D","
<person-group person-group-type=""author"">
<name>
",2017,"The Astrophysical Journal","The American Astronomical Society"
"190","RADMC-3D","apj_851_2_115.xml","apjaa9e06, 10.3847/1538-4357/aa9e06, aa9e06, AAS06415","2004A&A...417..159D",1,"ext-link","element-citation","2004A&A...417..159D","
<person-group person-group-type=""author"">
<name>
",2017,"The Astrophysical Journal","The American Astronomical Society"
"191","RADMC-3D","apj_854_1_56.xml","apjaaa769, 10.3847/1538-4357/aaa769, aaa769, AAS08472","2004A&A...417..159D",1,"ext-link","element-citation","2004A&A...417..159D","
<person-group person-group-type=""author"">
<name>
",2018,"The Astrophysical Journal","The American Astronomical Society"
"192","RADMC-3D","apj_855_1_44.xml","apjaaacd3, 10.3847/1538-4357/aaacd3, aaacd3, AAS07812","2004A&A...417..159D",1,"ext-link","element-citation","2004A&A...417..159D","
<person-group person-group-type=""author"">
<name>
",2018,"The Astrophysical Journal","The American Astronomical Society"
"193","RADMC-3D","apj_856_2_103.xml","apjaaaae7, 10.3847/1538-4357/aaaae7, aaaae7, AAS08110","2004A&A...417..159D",1,"ext-link","element-citation","2004A&A...417..159D","
<person-group person-group-type=""author"">
<name>
",2018,"The Astrophysical Journal","The American Astronomical Society"
"194","RADMC-3D","apjl_710_2_167.xml","apjl332686, ASJOAB, 10.1088/2041-8205/710/2/L167, 332686","2004A&A...417..159D",1,"ext-link","nlm-citation","2004A&A...417..159D","
<person-group person-group-type=""author"">
<name>
",2010,"The Astrophysical Journal Letters","The American Astronomical Society"
"195","RADMC-3D","apjl_722_1_33.xml","apjl367726, ASJOAB, 10.1088/2041-8205/722/1/L33, 367726","2004A&A...417..159D",1,"ext-link","nlm-citation","2004A&A...417..159D","
<person-group person-group-type=""author"">
<name>
",2010,"The Astrophysical Journal Letters","The American Astronomical Society"
"196","RADMC-3D","apjl_723_2_243.xml","apjl340339, ASJOAB, 10.1088/2041-8205/723/2/L243, 340339","2004A&A...417..159D",1,"ext-link","nlm-citation","2004A&A...417..159D","
<person-group person-group-type=""author"">
<name><",2010,"The Astrophysical Journal Letters","The American Astronomical Society"
"197","RADMC-3D","apjl_754_1_18.xml","apjl436928, ASJOAB, 10.1088/2041-8205/754/1/L18, 436928","2004A&A...417..159D",1,"ext-link","nlm-citation","2004A&A...417..159D","
<person-group person-group-type=""author"">
<name><",2012,"The Astrophysical Journal Letters","The American Astronomical Society"
"198","RADMC-3D","apjl_758_1_19.xml","apjl442261, ASJOAB, 10.1088/2041-8205/758/1/L19, 442261","2004A&A...417..159D",1,"ext-link","nlm-citation","2004A&A...417..159D","
<person-group person-group-type=""author"">
<name><",2012,"The Astrophysical Journal Letters","The American Astronomical Society"
"199","RADMC-3D","apjl_798_1_2.xml","apjl506119, ASJOAB, 10.1088/2041-8205/798/1/L2, 506119, LET31847","2004A&A...417..159D",1,"ext-link","nlm-citation","2004A&A...417..159D","
<person-group person-group-type=""author"">
<name><",2015,"The Astrophysical Journal Letters","The American Astronomical Society"
"200","RADMC-3D","apjs_195_2_21.xml","apjs396550, ASJOAB, 10.1088/0067-0049/195/2/21, 396550","2004A&A...417..159D",1,"ext-link","nlm-citation","2004A&A...417..159D","
<person-group person-group-type=""author"">
<name><",2011,"The Astrophysical Journal Supplement Series","The American Astronomical Society"
"201","RADMC-3D","apjs_205_1_5.xml","apjs459664, ASJOAB, 10.1088/0067-0049/205/1/5, 459664","2004A&A...417..159D",1,"ext-link","nlm-citation","2004A&A...417..159D","
<person-group person-group-type=""author"">
<name><",2013,"The Astrophysical Journal Supplement Series","The American Astronomical Society"
"202","RADMC-3D","apjs_217_1_6.xml","apjs508869, 10.1088/0067-0049/217/1/6, 508869, ApJS97150","2004A&A...417..159D",1,"ext-link","element-citation","2004A&A...417..159D","
<person-group person-group-type=""author"">
<name>
",2015,"The Astrophysical Journal Supplement Series","The American Astronomical Society"
"203","RADMC-3D","apjs_225_2_26.xml","apjsaa2a15, 10.3847/0067-0049/225/2/26, aa2a15, ApJ98325","2004A&A...417..159D",1,"ext-link","element-citation","2004A&A...417..159D","
<person-group person-group-type=""author"">
<name>
",2016,"The Astrophysical Journal Supplement Series","The American Astronomical Society"
"204","RADMC-3D","apj_695_2_1024.xml","apj300251, ASJOAB, 10.1088/0004-637X/695/2/1024, 300251","2004A&A...417..793P",1,"ext-link","nlm-citation","2004A&A...417..793P","
<person-group person-group-type=""author"">
<name>
",2009,"The Astrophysical Journal","The American Astronomical Society"
"205","RADMC-3D","apj_717_2_693.xml","apj347857, ASJOAB, 10.1088/0004-637X/717/2/693, 347857","2004A&A...417..793P",1,"ext-link","nlm-citation","2004A&A...417..793P","
<person-group person-group-type=""author"">
<name><",2010,"The Astrophysical Journal","The American Astronomical Society"
"206","RADMC-3D","apj_722_2_1556.xml","apj364672, ASJOAB, 10.1088/0004-637X/722/2/1556, 364672","2004A&A...417..793P",1,"ext-link","nlm-citation","2004A&A...417..793P","
<person-group person-group-type=""author"">
<name><",2010,"The Astrophysical Journal","The American Astronomical Society"
"207","RADMC-3D","apj_742_1_39.xml","apj404720, ASJOAB, 10.1088/0004-637X/742/1/39, 404720","2004A&A...417..793P",1,"ext-link","nlm-citation","2004A&A...417..793P","
<person-group person-group-type=""author"">
<name>
",2011,"The Astrophysical Journal","The American Astronomical Society"
"208","RADMC-3D","apj_744_2_118.xml","apj407949, ASJOAB, 10.1088/0004-637X/744/2/118, 407949","2004A&A...417..793P",1,"ext-link","nlm-citation","2004A&A...417..793P","
<person-group person-group-type=""author"">
<name><",2012,"The Astrophysical Journal","The American Astronomical Society"
"209","RADMC-3D","apj_751_1_27.xml","apj426656, ASJOAB, 10.1088/0004-637X/751/1/27, 426656","2004A&A...417..793P",1,"ext-link","nlm-citation","2004A&A...417..793P","
<person-group person-group-type=""author"">
<name><",2012,"The Astrophysical Journal","The American Astronomical Society"
"210","RADMC-3D","apj_796_2_141.xml","apj503765, ASJOAB, 10.1088/0004-637X/796/2/141, 503765, ApJ95750","2004A&A...417..793P",1,"ext-link","nlm-citation","2004A&A...417..793P","
<person-group person-group-type=""author"">
<name><",2014,"The Astrophysical Journal","The American Astronomical Society"
"211","RADMC-3D","apj_797_1_4.xml","apj504081, ASJOAB, 10.1088/0004-637X/797/1/4, 504081, ApJ96133","2004A&A...417..793P",1,"ext-link","nlm-citation","2004A&A...417..793P","
<person-group person-group-type=""author"">
<name><",2014,"The Astrophysical Journal","The American Astronomical Society"
"212","RADMC-3D","apj_798_1_11.xml","apj502148, ASJOAB, 10.1088/0004-637X/798/1/11, 502148, ApJ95363","2004A&A...417..793P",1,"ext-link","nlm-citation","2004A&A...417..793P","
<person-group person-group-type=""author"">
<name><",2015,"The Astrophysical Journal","The American Astronomical Society"
"213","RADMC-3D","apjs_196_2_22.xml","apjs404845, ASJOAB, 10.1088/0067-0049/196/2/22, 404845","2004A&A...417..793P",1,"ext-link","nlm-citation","2004A&A...417..793P","
<person-group person-group-type=""author"">
<name>
",2011,"The Astrophysical Journal Supplement Series","The American Astronomical Society"
"214","RADMC-3D","apjs_220_1_14.xml","apjs518847, 10.1088/0067-0049/220/1/14, 518847, ApJS97348","2004A&A...417..793P",1,"ext-link","element-citation","2004A&A...417..793P","
<person-group person-group-type=""author"">
<name>
",2015,"The Astrophysical Journal Supplement Series","The American Astronomical Society"
"215","RADMC-3D","apj_783_2_93.xml","apj491037, ASJOAB, 10.1088/0004-637X/783/2/93, 491037, ApJ93009","2012ascl.soft02015D",1,"ext-link","nlm-citation","2012ascl.soft02015D","
<person-group person-group-type=""author"">
<name><",2014,"The Astrophysical Journal","The American Astronomical Society"
"216","RADMC-3D","apj_806_1_23.xml","apj513379, 10.1088/0004-637X/806/1/23, 513379, ApJ98029","2012ascl.soft02015D",1,"ext-link","element-citation","2012ascl.soft02015D","
<person-group person-group-type=""author"">
<name>
",2015,"The Astrophysical Journal","The American Astronomical Society"
"217","RADMC-3D","apj_822_1_12.xml","apj523155, 10.3847/0004-637X/822/1/12, 523155, ApJ99729","2012ascl.soft02015D",1,"ext-link","element-citation","2012ascl.soft02015D","
<person-group person-group-type=""author"">
<name>
",2016,"The Astrophysical Journal","The American Astronomical Society"
"218","RADMC-3D","apj_827_2_144.xml","apjaa22ec, 10.3847/0004-637X/827/2/144, aa22ec, AAS00009","2012ascl.soft02015D",1,"ext-link","element-citation","2012ascl.soft02015D","
<person-group person-group-type=""author"">
<name>
",2016,"The Astrophysical Journal","The American Astronomical Society"
"219","RADMC-3D","apj_835_2_118.xml","apjaa54af, 10.3847/1538-4357/835/2/118, aa54af, AAS02911","2012ascl.soft02015D",1,"ext-link","element-citation","2012ascl.soft02015D","
<person-group person-group-type=""author"">
<name>
",2017,"The Astrophysical Journal","The American Astronomical Society"
"220","RADMC-3D","apj_840_1_60.xml","apjaa696c, 10.3847/1538-4357/aa696c, aa696c, AAS04283","2012ascl.soft02015D",1,"ext-link","element-citation","2012ascl.soft02015D","
<person-group person-group-type=""author"">
<name>
",2017,"The Astrophysical Journal","The American Astronomical Society"
"221","RADMC-3D","apjl_777_2_31.xml","apjl486277, ASJOAB, 10.1088/2041-8205/777/2/L31, 486277, LET30949","2012ascl.soft02015D",1,"ext-link","nlm-citation","2012ascl.soft02015D","
<person-group person-group-type=""author"">
<name><",2013,"The Astrophysical Journal Letters","The American Astronomical Society"
"222","RADMC-3D","apjl_813_1_L14.xml","apjl521092, 10.1088/2041-8205/813/1/L14, 521092, LET33208","2012ascl.soft02015D",1,"ext-link","element-citation","2012ascl.soft02015D","
<person-group person-group-type=""author"">
<name>
",2015,"The Astrophysical Journal Letters","The American Astronomical Society"
"223","RADMC-3D","apj_806_1_23.xml","apj513379, 10.1088/0004-637X/806/1/23, 513379, ApJ98029","ascl:1202.015",1,"volume","element-citation","ascl:1202.015","
<person-group person-group-type=""author"">
<name>
",2015,"The Astrophysical Journal","The American Astronomical Society"
"224","RADMC-3D","apjl_777_2_31.xml","apjl486277, ASJOAB, 10.1088/2041-8205/777/2/L31, 486277, LET30949","ascl:1202.015",1,"fpage","nlm-citation","ascl:1202.015","
<person-group person-group-type=""author"">
<name><",2013,"The Astrophysical Journal Letters","The American Astronomical Society"
"225","RADMC-3D","aj_153_4_188.xml","ajaa647b, 10.3847/1538-3881/aa647b, aa647b, AAS02667","RADMC-3D",0,"source","element-citation","RADMC-3D: A multi-purpose radiative transfer tool, Astrophysics Source Code Library","
<person-group person-group-type=""author"">
<name>
",2017,"The Astronomical Journal","The American Astronomical Society"
"226","RADMC-3D","aj_154_1_24.xml","ajaa78a0, 10.3847/1538-3881/aa78a0, aa78a0, AAS04083","RADMC-3D",0,"article-title","element-citation","RADMC-3D: A Multi-purpose Radiative Transfer Tool","
<person-group person-group-type=""author"">
<name>
",2017,"The Astronomical Journal","The American Astronomical Society"
"227","RADMC-3D","aj_155_4_182.xml","ajaab604, 10.3847/1538-3881/aab604, aab604, AAS06554","RADMC-3D",0,"article-title","element-citation","RADMC-3D: A Multi-purpose Radiative Transfer Tool","
<person-group person-group-type=""author"">
<name>
",2018,"The Astronomical Journal","The American Astronomical Society"
"228","RADMC-3D","apj_750_1_64.xml","apj425281, ASJOAB, 10.1088/0004-637X/750/1/64, 425281","RADMC-3D",0,"p","ack","We are particularly indebted to Cornelius Dullemon","<p>We are particularly indebted to Cornelius Dulle",2012,"The Astrophysical Journal","The American Astronomical Society"
"229","RADMC-3D","apj_791_1_19.xml","apj496328, ASJOAB, 10.1088/0004-637X/791/1/19, 496328, ApJ93254","RADMC-3D",0,"p","ack","The authors gratefully acknowledge Thomas Robitail","<p>The authors gratefully acknowledge Thomas Robit",2014,"The Astrophysical Journal","The American Astronomical Society"
"230","RADMC-3D","apj_797_1_4.xml","apj504081, ASJOAB, 10.1088/0004-637X/797/1/4, 504081, ApJ96133","RADMC-3D",0,"source","nlm-citation","RADMC-3D: A Multi-purpose Radiative Transfer Tool, Astrophysics Source Code Library","
<person-group person-group-type=""author"">
<name><",2014,"The Astrophysical Journal","The American Astronomical Society"
"231","RADMC-3D","apj_818_1_76.xml","apj522366, 10.3847/0004-637X/818/1/76, 522366, LET33405","RADMC-3D",0,"p","ack","This paper makes use of the ALMA data. The Joint A","
<p>This paper makes use of the ALMA data. The Joi",2016,"The Astrophysical Journal","The American Astronomical Society"
"232","RADMC-3D","apj_827_2_144.xml","apjaa22ec, 10.3847/0004-637X/827/2/144, aa22ec, AAS00009","RADMC-3D",0,"article-title","element-citation","RADMC-3D: A Multi-Purpose Radiative Transfer Tool","
<person-group person-group-type=""author"">
<name>
",2016,"The Astrophysical Journal","The American Astronomical Society"
"233","RADMC-3D","apj_835_2_118.xml","apjaa54af, 10.3847/1538-4357/835/2/118, aa54af, AAS02911","RADMC-3D",0,"source","element-citation","RADMC-3D: A Multi-purpose Radiative Transfer Tool, Astrophysics Source Code Library","
<person-group person-group-type=""author"">
<name>
",2017,"The Astrophysical Journal","The American Astronomical Society"
"234","RADMC-3D","apj_835_2_230.xml","apjaa5549, 10.3847/1538-4357/835/2/230, aa5549, AAS02969","RADMC-3D",0,"article-title","element-citation","RADMC-3D: A Multi-purpose Radiative Transfer Tool","
<person-group person-group-type=""author"">
<name>
",2017,"The Astrophysical Journal","The American Astronomical Society"
"235","RADMC-3D","apj_836_1_30.xml","apjaa5926, 10.3847/1538-4357/836/1/30, aa5926, AAS03564","RADMC-3D",0,"source","element-citation","RADMC-3D: A Multi-purpose Radiative Transfer Tool, Astrophysics Source Code Library","
<person-group person-group-type=""author"">
<name>
",2017,"The Astrophysical Journal","The American Astronomical Society"
"236","RADMC-3D","apj_836_2_223.xml","apjaa5b96, 10.3847/1538-4357/aa5b96, aa5b96, AAS03524","RADMC-3D",0,"comment","element-citation","RADMC-3D: A Multi-purpose Radiative Transfer Tool, ","
<person-group person-group-type=""author"">
<name>
",2017,"The Astrophysical Journal","The American Astronomical Society"
"237","RADMC-3D","apj_837_1_52.xml","apjaa5ebd, 10.3847/1538-4357/aa5ebd, aa5ebd, AAS02340","RADMC-3D",0,"source","element-citation","RADMC-3D, Astrophysics Source Code Library","
<person-group person-group-type=""author"">
<name>
",2017,"The Astrophysical Journal","The American Astronomical Society"
"238","RADMC-3D","apj_839_1_43.xml","apjaa689a, 10.3847/1538-4357/aa689a, aa689a, AAS04205","RADMC-3D",0,"article-title","element-citation","RADMC-3D: A multi-purpose radiative transfer tool","
<person-group person-group-type=""author"">
<name>
",2017,"The Astrophysical Journal","The American Astronomical Society"
"239","RADMC-3D","apj_840_1_60.xml","apjaa696c, 10.3847/1538-4357/aa696c, aa696c, AAS04283","RADMC-3D",0,"p","ack","<italic>Software:</italic> CASA (v4.3.10), RADMC-3","
<p>Y.B. and A.I. acknowledge support from the NAS",2017,"The Astrophysical Journal","The American Astronomical Society"
"240","RADMC-3D","apj_840_1_60.xml","apjaa696c, 10.3847/1538-4357/aa696c, aa696c, AAS04283","RADMC-3D",0,"source","element-citation","RADMC-3D: A multi-purpose radiative transfer tool, Astrophysics Source Code Library","
<person-group person-group-type=""author"">
<name>
",2017,"The Astrophysical Journal","The American Astronomical Society"
"241","RADMC-3D","apj_843_1_63.xml","apjaa6d58, 10.3847/1538-4357/aa6d58, aa6d58, AAS03939","RADMC-3D",0,"p","ack","<italic>Software:</italic> 3d-pdr (Bisbas et al. <","
<p>RKF is a Dunlap Fellow at the Dunlap Institute",2017,"The Astrophysical Journal","The American Astronomical Society"
"242","RADMC-3D","apj_843_1_63.xml","apjaa6d58, 10.3847/1538-4357/aa6d58, aa6d58, AAS03939","RADMC-3D",0,"article-title","element-citation","RADMC-3D: A Multi-purpose Radiative Transfer Tool","
<person-group person-group-type=""author"">
<name>
",2017,"The Astrophysical Journal","The American Astronomical Society"
"243","RADMC-3D","apj_844_1_22.xml","apjaa7855, 10.3847/1538-4357/aa7855, aa7855, AAS05014","RADMC-3D",0,"article-title","element-citation","RADMC-3D: A multi-purpose radiative transfer tool","
<person-group person-group-type=""author"">
<name>
",2017,"The Astrophysical Journal","The American Astronomical Society"
"244","RADMC-3D","apj_847_1_59.xml","apjaa7e2d, 10.3847/1538-4357/aa7e2d, aa7e2d, AAS03779","RADMC-3D",0,"article-title","element-citation","RADMC-3D: A Multi-purpose Radiative Transfer Tool","
<person-group person-group-type=""author"">
<name>
",2017,"The Astrophysical Journal","The American Astronomical Society"
"245","RADMC-3D","apj_849_2_164.xml","apjaa8fcf, 10.3847/1538-4357/aa8fcf, aa8fcf, AAS06740","RADMC-3D",0,"article-title","element-citation","RADMC-3D: A multi-purpose Radiative Transfer Tool","
<person-group person-group-type=""author"">
<name>
",2017,"The Astrophysical Journal","The American Astronomical Society"
"246","RADMC-3D","apj_850_1_52.xml","apjaa94c2, 10.3847/1538-4357/aa94c2, aa94c2, AAS06672","RADMC-3D",0,"source","element-citation","RADMC-3D: A multi-purpose radiative transfer tool, Astrophysics Source Code Library","
<person-group person-group-type=""author"">
<name>
",2017,"The Astrophysical Journal","The American Astronomical Society"
"247","RADMC-3D","apj_850_2_131.xml","apjaa943f, 10.3847/1538-4357/aa943f, aa943f, AAS06849","RADMC-3D",0,"article-title","element-citation","RADMC-3D: A multi-purpose radiative transfer tool","
<person-group person-group-type=""author"">
<name>
",2017,"The Astrophysical Journal","The American Astronomical Society"
"248","RADMC-3D","apj_851_1_45.xml","apjaa9990, 10.3847/1538-4357/aa9990, aa9990, AAS06428","RADMC-3D",0,"article-title","element-citation","RADMC-3D: A Multi-purpose Radiative Transfer Tool","
<person-group person-group-type=""author"">
<name>
",2017,"The Astrophysical Journal","The American Astronomical Society"
"249","RADMC-3D","apj_851_2_132.xml","apjaa9be7, 10.3847/1538-4357/aa9be7, aa9be7, AAS07660","RADMC-3D",0,"p","ack","<italic>Software:</italic> CASA (v4.4; McMullin et","
<p>I.C. acknowledges support from the Smithsonian",2017,"The Astrophysical Journal","The American Astronomical Society"
"250","RADMC-3D","apj_851_2_132.xml","apjaa9be7, 10.3847/1538-4357/aa9be7, aa9be7, AAS07660","RADMC-3D",0,"article-title","element-citation","RADMC-3D: A Multi-purpose Radiative Transfer Tool","
<person-group person-group-type=""author"">
<name>
",2017,"The Astrophysical Journal","The American Astronomical Society"
"251","RADMC-3D","apj_851_2_85.xml","apjaa989d, 10.3847/1538-4357/aa989d, aa989d, AAS06331","RADMC-3D",0,"source","element-citation","RADMC-3D: A multipurpose radiative transfer tool, Astrophysics Source Code Library","
<person-group person-group-type=""author"">
<name>
",2017,"The Astrophysical Journal","The American Astronomical Society"
"252","RADMC-3D","apj_852_2_122.xml","apjaaa1e7, 10.3847/1538-4357/aaa1e7, aaa1e7, AAS07962","RADMC-3D",0,"article-title","element-citation","RADMC-3D: A Multi-purpose Radiative Transfer Tool","
<person-group person-group-type=""author"">
<name>
",2018,"The Astrophysical Journal","The American Astronomical Society"
"253","RADMC-3D","apj_853_2_110.xml","apjaaa546, 10.3847/1538-4357/aaa546, aaa546, AAS07953","RADMC-3D",0,"article-title","element-citation","RADMC-3D: A Multi-purpose Radiative Transfer Tool","
<person-group person-group-type=""author"">
<name>
",2018,"The Astrophysical Journal","The American Astronomical Society"
"254","RADMC-3D","apj_853_2_113.xml","apjaaa481, 10.3847/1538-4357/aaa481, aaa481, AAS08174","RADMC-3D",0,"source","element-citation","Astrophysics Source Code Library, RADMC-3D","
<person-group person-group-type=""author"">
<name>
",2018,"The Astrophysical Journal","The American Astronomical Society"
"255","RADMC-3D","apj_854_2_130.xml","apjaaa767, 10.3847/1538-4357/aaa767, aaa767, AAS07966","RADMC-3D",0,"source","element-citation","RADMC-3D, Astrophysics Source Code Library","
<person-group person-group-type=""author"">
<name>
",2018,"The Astrophysical Journal","The American Astronomical Society"
"256","RADMC-3D","apj_857_1_18.xml","apjaaae65, 10.3847/1538-4357/aaae65, aaae65, AAS06453","RADMC-3D",0,"p","ack","<italic>Software:</italic> CASA (McMullin et al. <","
<p>The authors would like to thank the anonymous ",2018,"The Astrophysical Journal","The American Astronomical Society"
"257","RADMC-3D","apj_857_1_18.xml","apjaaae65, 10.3847/1538-4357/aaae65, aaae65, AAS06453","RADMC-3D",0,"article-title","element-citation","RADMC-3D: A multi-purpose radiative transfer tool","
<person-group person-group-type=""author"">
<name>
",2018,"The Astrophysical Journal","The American Astronomical Society"
"258","RADMC-3D","apj_857_1_69.xml","apjaab664, 10.3847/1538-4357/aab664, aab664, AAS09101","RADMC-3D",0,"p","ack","<italic>Software:</italic> NumPy (Van Der Walt et ","
<p>This paper makes use of ALMA data, project cod",2018,"The Astrophysical Journal","The American Astronomical Society"
"259","RADMC-3D","apj_857_1_69.xml","apjaab664, 10.3847/1538-4357/aab664, aab664, AAS09101","RADMC-3D",0,"source","element-citation","RADMC-3D: A Multi-purpose Radiative Transfer Tool, Astrophysics Source Code Library","
<person-group person-group-type=""author"">
<name>
",2018,"The Astrophysical Journal","The American Astronomical Society"
"260","RADMC-3D","apj_857_2_87.xml","apjaab718, 10.3847/1538-4357/aab718, aab718, AAS08401","RADMC-3D",0,"p","ack","<italic>Software:</italic>LA-COMPASS (Li et al. <","
<p>We thank the anonymous referee for carefully r",2018,"The Astrophysical Journal","The American Astronomical Society"
"261","RADMC-3D","apj_857_2_87.xml","apjaab718, 10.3847/1538-4357/aab718, aab718, AAS08401","RADMC-3D",0,"p","ack","<italic>Software:</italic>LA-COMPASS (Li et al. <","
<p>We thank the anonymous referee for carefully r",2018,"The Astrophysical Journal","The American Astronomical Society"
"262","RADMC-3D","apj_857_2_87.xml","apjaab718, 10.3847/1538-4357/aab718, aab718, AAS08401","RADMC-3D",0,"source","element-citation","RADMC-3D: A multi-purpose radiative transfer tool, Astrophysics Source Code Library","
<person-group person-group-type=""author"">
<name>
",2018,"The Astrophysical Journal","The American Astronomical Society"
"263","RADMC-3D","apjl_823_1_L18.xml","apjlaa2584, 10.3847/2041-8205/823/1/L18, aa2584, LET33577","RADMC-3D",0,"p","ack","<italic>Software:</italic> CASA 4.4.0, RADMC-3D, <","
<p>We thank the referee for comments improving th",2016,"The Astrophysical Journal Letters","The American Astronomical Society"
"264","RADMC-3D","apjl_823_1_L18.xml","apjlaa2584, 10.3847/2041-8205/823/1/L18, aa2584, LET33577","RADMC-3D",0,"article-title","element-citation","RADMC-3D: A Multi-purpose Radiative Transfer Tool","
<person-group person-group-type=""author"">
<name>
",2016,"The Astrophysical Journal Letters","The American Astronomical Society"
"265","RADMC-3D","apjl_828_2_L19.xml","apjlaa3be0, 10.3847/2041-8205/828/2/L19, aa3be0, LET34113","RADMC-3D",0,"p","ack","The authors are grateful to the anonymous referee ","
<p>The authors are grateful to the anonymous refe",2016,"The Astrophysical Journal Letters","The American Astronomical Society"
"266","RADMC-3D","apjl_835_1_L11.xml","apjlaa5719, 10.3847/2041-8213/835/1/L11, aa5719, LET34466","RADMC-3D",0,"p","ack","We thank Takayuki Muto, Akimasa Kataoka, and Laura","
<p>We thank Takayuki Muto, Akimasa Kataoka, and L",2017,"The Astrophysical Journal Letters","The American Astronomical Society"
"267","RADMC-3D","apjl_840_2_L12.xml","apjlaa6df8, 10.3847/2041-8213/aa6df8, aa6df8, LET34662","RADMC-3D",0,"article-title","element-citation","RADMC-3D: A Multi-purpose Radiative Transfer Tool","
<person-group person-group-type=""author"">
<name>
",2017,"The Astrophysical Journal Letters","The American Astronomical Society"
"268","RADMC-3D","apjl_846_2_L26.xml","apjlaa8771, 10.3847/2041-8213/aa8771, aa8771, LET34967","RADMC-3D",0,"article-title","element-citation","RADMC-3D: A Multi-purpose Radiative Transfer Tool","
<person-group person-group-type=""author"">
<name>
",2017,"The Astrophysical Journal Letters","The American Astronomical Society"
"269","RADMC-3D","apjl_851_2_L23.xml","apjlaa9b7b, 10.3847/2041-8213/aa9b7b, aa9b7b, LET35350","RADMC-3D",0,"comment","element-citation","RADMC-3D: A multi-purpose radiative transfer tool,","
<person-group person-group-type=""author"">
<name>
",2017,"The Astrophysical Journal Letters","The American Astronomical Society"
"270","RADMC-3D","apj_811_2_92.xml","apj519381, 10.1088/0004-637X/811/2/92, 519381, ApJ99217","RADMC3D",0,"comment","element-citation","RADMC3D v0.39 <ext-link ext-link-type=""uri"" xlink:","
<person-group person-group-type=""author"">
<name>
",2015,"The Astrophysical Journal","The American Astronomical Society"
"271","RADMC-3D","apj_812_2_126.xml","apj520227, 10.1088/0004-637X/812/2/126, 520227, ApJ99213","RADMC3D",0,"p","ack","We thank Cornelis Dullemond for interesting discus","
<p>We thank Cornelis Dullemond for interesting di",2015,"The Astrophysical Journal","The American Astronomical Society"
"272","RADMC-3D","apj_812_2_126.xml","apj520227, 10.1088/0004-637X/812/2/126, 520227, ApJ99213","RADMC3D",0,"comment","element-citation","RADMC3D v0.39 <ext-link ext-link-type=""uri"" xlink:","
<person-group person-group-type=""author"">
<name>
",2015,"The Astrophysical Journal","The American Astronomical Society"
"273","RADMC-3D","apj_813_1_76.xml","apj520804, 10.1088/0004-637X/813/1/76, 520804, ApJ99121","RADMC3D",0,"article-title","element-citation","RADMC3D v0.39","
<person-group person-group-type=""author"">
<name>
",2015,"The Astrophysical Journal","The American Astronomical Society"
"274","RADMC-3D","apjl_798_2_44.xml","apjl507274, ASJOAB, 10.1088/2041-8205/798/2/L44, 507274, LET32449","RADMC3D",0,"comment","nlm-citation","RADMC3D v0.38 <ext-link ext-link-type=""url"">http:/","
<person-group person-group-type=""author"">
<name><",2015,"The Astrophysical Journal Letters","The American Astronomical Society"
"275","RADMC-3D","apjl_811_1_L5.xml","apjl519526, 10.1088/2041-8205/811/1/L5, 519526, LET32901","RADMC3D",0,"source","element-citation","RADMC3D v0.39","
<person-group person-group-type=""author"">
<name>
",2015,"The Astrophysical Journal Letters","The American Astronomical Society"
